料理名,材料,量,単位,材料2,量2,単位2,材料3,量3,単位3,材料4,量4,単位4,材料5,量5,単位5,材料6,量6,単位6,材料7,量7,単位7,列10,列1,列2,列3,列4,列5,列6,列7,列8,列9,列93,列92,料理方法,人前
ハンバーグ,合い挽き肉,250,g,玉葱,0.5,個,パン粉,75,ml,牛乳,40,ml,卵,1,個,塩,1.5,ml,胡椒,1,ml,,,,,,,,,,,,,ビストロ:自動メニュー:6:ハンバーグ,
鮭,水で五分強火で焼く,5,ml,,,,,,,,,,,,,,,,,,,,,,,,,,,,,,,,
豚肉の味噌付け焼き,豚ロース,4,枚,味噌,22.5,ml,砂糖,22.5,ml,油,15,ml,生姜汁,2.5,ml,,,,,,,,,,,,,,,,,,,,
鴨,惣菜,,,,,,,,,,,,,,,,,,,,,,,,,,,,,,,,,,
シチュー,シチュールー,0.5,箱,豚肉,100,g,人参,0.5,本,じゃがいも,2,個,玉葱,1,個,ニンニクチューブ,4,cm,パン,1,袋,水,450,ml,牛乳,100,ml,,,,,,,HC:自動1-15:まぜあり45分,
冬瓜のあんかけ,冬瓜,200,g,挽肉,50,g,生姜,0.5,個,水,126,ml,本だし,0.3,ml,酒,5,ml,醤油,7.5,ml,塩,1,g,水,10,ml,胡椒,1,ml,,,,HC:自動1-5:まぜあり,
魚の照り焼き,魚,2,切れ,砂糖,5,ml,酒,30,ml,みりん,30,ml,醤油,30,ml,,,,,,,,,,,,,,,,,,,フライパンで焼く,
タンドリーチキン,チキン,200,g,プレーンヨーグルト,100,g,トマトケチャップ,30,ml,カレー粉,10,ml,蜂蜜,10,ml,バター,1,cm,胡椒,1,ml,,,,,,,,,,,,,,
青椒肉絲,牛肉,150,g,ピーマン,6,個,たけのこ,150,g,片栗粉,15,ml,,,,,,,,,,,,,,,,,,,,,,,
アスパラ巻き,豚肉,100,g,アスパラ,1,set,,,,,,,,,,,,,,,,,,,,,,,,,,,,,
鶏肉とたけのこの煮物,鶏,100,g,たけのこ,1,パック,本だし,2.5,ml,酒,22.5,ml,みりん,22.5,ml,醤油,22.5,ml,砂糖,2.5,ml,水,125,ml,,,,,,,,,,HC:手動1-2:まぜない25分,
筑前煮,ごぼう,0.5,本,レンコン,100,g,鶏,1,枚,人参,1,本,蒟蒻,0.5,枚,たけのこ,200,g,酒,30,ml,醤油,30,ml,砂糖,10,ml,ごま油,10,ml,,,,HC:自動1-1:まぜあり35分,
餃子,買ってくる,,,,,,,,,,,,,,,,,,,,,,,,,,,,,,,,,,
野菜炒め,キャベツ,0.25,個,ネギ,1,本,ピーマン,3,個,豚肉,200,g,人参,0.5,本,,,,,,,,,,,,,,,,,,,,
カツ丼,豚カツ,1,枚,玉葱,0.25,個,卵,2,個,水,50,cc,醤油,15,ml,みりん,15,ml,酒,15,ml,砂糖,7.5,ml,だしの素,5,ml,,,,,,,,
生姜焼き,,,,,,,,,,,,,,,,,,,,,,,,,,,,,,,,,,,
白菜シーチキン,,,,,,,,,,,,,,,,,,,,,,,,,,,,,,,,,,,
吉野家風牛丼,お湯,200,g,牛肉,150,g,玉葱,0.5,個,生姜,0.5,個,砂糖,22.5,ml,塩,0.5,ml,本だし,5,ml,醤油,30,ml,酒,22.5,ml,,,,,,,,4
カツレツ,パン粉,75,ml,粉チーズ,75,ml,,,,,,,,,,,,,,,,,,,,,,,,,,,,ビストロ:自動メニュー:9:とんかつ,
里芋の煮物,里芋,350,g,砂糖,15,ml,醤油,15ml,酒,15ml,みりん,15ml,,,,,,,,,,,,,,,,,,,,,,,
カレイの煮付け,,,,,,,,,,,,,,,,,,,,,,,,,,,,,,,,,,,
ジャーマンポテト,じゃがいも,3,個,玉葱,0.5,個,ベーコン,1,袋,ニンニク,4,cm,コンソメ,10,ml,塩,1,ml,胡椒,1,ml,,,,,,,,,,,,,,
麻婆豆腐,CookDo,1,袋,豆腐,0.5,丁,挽肉,100,g,,,,,,,,,,,,,,,,,,,,,,,,,,
天ぷら,マヨネーズ,15,ml,小麦粉,50,g,水,75,ml,,,,,,,,,,,,,,,,,,,,,,,,,,
アクアパッツァ,鯛,3,切れ,エビ,40,g,ホタテ,40,g,なす,65,g,赤ピーマン,15,g,アスパラガス,20,g,エリンギ,20,g,ニンニク,2,cm,白ワイン,30,ml,塩,1,ml,油,15,ml,,
冷しゃぶ,豚肉,200,g,ポン酢,30,ml,,,,,,,,,,,,,,,,,,,,,,,,,,,,,
卵焼き定食,卵,2,個,ミックスベジタブル,100,g,ソーセージ,1,袋,,,,,,,,,,,,,,,,,,,,,,,,,,
焼き肉定食,牛肉,200,g,ピーマン,2,個,玉葱,0.5,個,もやし,0.3,袋,,,,,,,,,,,,,,,,,,,,,,,
さしみ,,,,,,,,,,,,,,,,,,,,,,,,,,,,,,,,,,,
うどん,,,,,,,,,,,,,,,,,,,,,,,,,,,,,,,,,,,
野菜炒め,,,,,,,,,,,,,,,,,,,,,,,,,,,,,,,,,,,
ピザ,,,,,,,,,,,,,,,,,,,,,,,,,,,,,,,,,,,
鶏のネギ塩,,,,,,,,,,,,,,,,,,,,,,,,,,,,,,,,,,,
オクラ巻き,,,,,,,,,,,,,,,,,,,,,,,,,,,,,,,,,,,
鶏の南蛮揚げ,,,,,,,,,,,,,,,,,,,,,,,,,,,,,,,,,,,
肉じゃが,,,,,,,,,,,,,,,,,,,,,,,,,,,,,,,,,,,
鶏雑炊,,,,,,,,,,,,,,,,,,,,,,,,,,,,,,,,,,,
ごぼう人参巻き,,,,,,,,,,,,,,,,,,,,,,,,,,,,,,,,,,,
回鍋肉,,,,,,,,,,,,,,,,,,,,,,,,,,,,,,,,,,,
ローストビーフ,,,,,,,,,,,,,,,,,,,,,,,,,,,,,,,,,,,
お好み焼き,,,,,,,,,,,,,,,,,,,,,,,,,,,,,,,,,,,
ステーキ,,,,,,,,,,,,,,,,,,,,,,,,,,,,,,,,,,,
鶏の照り焼き,,,,,,,,,,,,,,,,,,,,,,,,,,,,,,,,,,,
あじ揚げ物,,,,,,,,,,,,,,,,,,,,,,,,,,,,,,,,,,,
鶏肉のネギマヨポン,,,,,,,,,,,,,,,,,,,,,,,,,,,,,,,,,,,
カレー,カレールー,0.5,箱,豚肉,200,g,人参,0.5,本,じゃがいも,2,個,玉葱,1,個,ニンニクチューブ,4,cm,パン,1,袋,水,500,ml,,,,,,,,,,HC:自動1-15:まぜあり45分,
パウンドケーキ,無塩バター,7.5,cm,砂糖,120,g,レモンの皮,0.25,個,卵,2,個,酒,5,g,薄力粉,140,g,ベーキングパウダー,2.5,ml,,,,,,,,,,,,,ビストロ:オーブン170度（余熱あり）60分,
